Reviewer,Email,Review,Rating,Employee,Employees_position,Unique_employee_number,Company,"Company description"
"1 1",ma@rukaz.gh,"Jicuono pe arze pir lo vut ebmatek ba codfo najiga itu ovfez.",0.6,"Rhoda Fadiman","Project Manager",943a3212-a25d-4ea8-a894-1260ba13363d,"Heathcote - Champlin","Lacus pulvinar libero sociosqu per nam, amet nisi ex gravida curabitur fames."
"132 Lopez",lieh@boh.tp,"Ibanmin azo samoti ecahevkal bikhe mupvivvuz kenkatcaz lahpi ramnehela efetijej baliw uw soj bevvubku fa ruebi kih vodo.",0.2,"Xylina Septima","Web Designer",987da831-ca79-4b67-8752-c647a7792f78,"Bayer LLC","Consectetur maecenas volutpat vestibulum ligula mollis dapibus pretium porttitor commodo conubia porta."
"RicdeFardo dWA",bovra@hirkavano.ph,"Pog fuasu wu ku sowaudi wotacwuv eloposewa bowov vitozvi jozmihud zabaf vowtimnew wufaz seedob agufagef beevole wif sezesatu.",3.4,"Madeleine Helve","President of Sales",7f154365-a879-4bd3-bc49-514e7111c083,"Jacobs, Brekke and Stracke","Ipsum a tempor nisi purus posuere consequat commodo aptent turpis potenti bibendum risus iaculis, lacinia varius curae."
"WA fAE",sugholuv@nohsew.tr,"Vilkutbul fibdakvi jemmav pacsolnok moval getkom hewgaktiw ukcej naoce nigig dahvuzdun elgih.",3.7,"Merry Tarrant","Project Manager",f98564de-f741-4ee8-a0f5-3858bbe33739,"Klein - Kunze","Mauris torquent porta, est purus condimentum himenaeos congue suscipit vehicula tristique netus fames cras."
"Sally EAF",duso@obirad.it,"Bul nicgodoz gildom bogdu haraw ada basvi mahseg zaobefal raf lagcunce seveviimo ihonozu vetrufled waahni.",3.9,"Regina Skurnik","Project Manager",4c4144bb-22d1-463c-8b40-90e3cd0b0303,"Rutherford, Turner and Schmidt","Viverra semper felis consequat diam tristique."
"DA sadzv",akumoco@mirzalwu.ga,"Vimah muzunug go meseh waojfi karjurtoz te ap micbo pezbo ler hehdepo soafe jeeco ut piji galfo medkug.",1.5,"Binny Sheedy","President of Sales",d6981c3e-a64b-4477-a069-0f51ff17ca4b,"McKenzie, Bernier and Zieme","Porta blandit laoreet senectus."
"cW Harrington",ce@lodih.ge,"Fatgisek govicfo kojawa mesase lovpir morwuj bu rejmif cuthewcu tit ujcena pahaoc pajihmas.",3.4,"Aigneis Shirberg","Web Designer",be2ac8f2-1bc7-4b45-8c27-aeb0b369d568,"Balistreri - Pollich","Mi metus ante orci pharetra porttitor eu donec ullamcorper, mollis venenatis hendrerit habitasse libero maximus porta accumsan imperdiet habitant."
"Lou Fernandez",jopworo@zijfewgi.fj,"Mitjaf loluhze morgodiz olwe kezgatte ko tel votgaz apsez ho kimluucu re omge wusujepu mubav manubak.",4.5,"Korrie Adamsen","Account Executive",fe09a279-df71-474e-89b1-ae670113316b,"Steuber - Hoppe","Elit pulvinar aliquet cras."
"];[lpko Hansen",ida@oj.jm,"Lep ver hopudik gupnepab ire boni jarfeuku ga izpuhvu mom ginto behimeoja toztazmuv kaw ja jilnin.",1.2,"Lucy Lorain",Librarian,aa0f5131-22bf-436b-bcf3-a3b024d29469,"Gibson and Sons","Orci aptent fames, lobortis fusce orci neque laoreet."
"Marvin kmjn",nib@lasoz.qa,"Ninogmip ho lu riab tuejliz wes fipu ubapo umezo rov uc li bij.",0.3,"Blinni Anestassia",Librarian,6406af1e-8f59-47f9-b5f9-de4a5530b93d,"Stanton - Graham","Tincidunt purus cursus curae quam fermentum odio sodales sem tristique fames nisl iaculis."
"Jean Barrett",hadbewtet@jizib.mu,"Rokrafbo gaj cemcitha suje depujul ham lu ituvur kujehbep giud nujidti te ej fule joktifet govofaz.",2.1,"Nikki Bluh","Dog Trainer",f3804978-e991-4821-91cf-7201e0642302,"Roberts - Smith","Ipsum sapien volutpat facilisis auctor mollis ante eget dui, consectetur a est felis."
"Jay daw",be@ur.cw,"Sar zocrew doefcuk zahaj paulabe nivazevej gi kamir vefsat kifriw jataglel weufuabu wob ha ub sog icemu hog.",4.4,"Constance Chabot","Marketing Coordinator",9a0a2cb2-32cb-44a8-93a7-54a4c80b8854,"Gerlach - Stehr","Lorem et posuere sollicitudin laoreet elementum nam."
"Eugene sad",lor@da.gl,"Abpi kaz lebnakew bu faani jedjog ka gekuw cijmocaw ram ibtel porkag omcive deub.",2.9,"Agnese Natalia","Project Manager",5549b662-a046-43fb-a0ae-1aa7e1f69914,"Steuber - Hoppe","Elit pulvinar aliquet cras."
"Curtis Neal",dujoat@ov.bo,"Garpeusi nefej gu vi iboni wubaner ma orugaza ij safu ogcic conrola mo nig wis.",0.8,"Evaleen Yate","President of Sales",48cc6c49-7b9b-482c-9756-fd9bbd1fa254,"Heathcote - Champlin","Lacus pulvinar libero sociosqu per nam, amet nisi ex gravida curabitur fames."